Klantnr;Naam;Artikelnr;Verp;Inh;Eh;Omschrijving;Aantal;Prijs;Omzet;Factuursplitsing;Ean;Biologisch;Dierenwelzijn;Goede Vis MSC;Gezonde Keuze;Fair trade;Rainsforrest alliance;UTZ;Milieubewust;Veggie;Streekproducten;Vegan
208758;SUNSEA BAR            W.I;100008;ds;24;fl;BigTom tomatensap rich & spicy 25ltr;4;27,06;108,22;Dranken laag;5,02E+12;;;;;;;;;;;
208758;SUNSEA BAR            W.I;106535;tr;6;st;Schulp appelsap 75cl;8;6,86;54,91;Dranken laag;8,72E+12;;;;;;;;;;;
208758;SUNSEA BAR            W.I;106585;tr;6;st;Schulp appel/vlierbessensap 75cl;3;8,89;26,67;Dranken laag;8,72E+12;;;;;;;;;;;
208758;SUNSEA BAR            W.I;107947;ds;12;fl;Landsbest apsap 250ml NL-BIO-01;86;11,42;982,08;Dranken laag;8,71E+12;Ja;;;;;;;;;;
208758;SUNSEA BAR            W.I;200543;ds;24;fl;Sol bier 33cl;9;26;234;Dranken hoog;7,50E+12;;;;;;;;;;;
208758;SUNSEA BAR            W.I;230095;tr;24;fl;Heineken twist off 25cl;10;20,15;201,5;Dranken hoog;8,71E+12;;;;;;;;;;;
208758;SUNSEA BAR            W.I;250738;ds;24;fl;Desperado wegwerp 33cl;5;30;150;Dranken hoog;3,16E+12;;;;;;;;;;;
208758;SUNSEA BAR            W.I;271370;vt;20;lt;Brand weizener 20ltr all in one;1;107,78;107,78;Dranken hoog;8,71E+12;;;;;;;;;;;
208758;SUNSEA BAR            W.I;281296;fl;70;cl;Monin mango;3;5,88;17,64;Dranken laag;3,05E+12;;;;;;;;;;;
208758;SUNSEA BAR            W.I;281311;fl;70;cl;Monin vanille;3;6,27;18,81;Bonensappen;3,05E+12;;;;;;;;;;;
208758;SUNSEA BAR            W.I;281337;fl;70;cl;Monin caramel;8;5,96;47,68;Bonensappen;3,05E+12;;;;;;;;;;;
208758;SUNSEA BAR            W.I;281402;fl;70;cl;Monin noisette (hazelnoot);1;6,4;6,4;Bonensappen;3,05E+12;;;;;;;;;;;
208758;SUNSEA BAR            W.I;281478;fl;70;cl;Monin witte chocolade;2;6,27;12,54;Bonensappen;3,05E+12;;;;;;;;;;;
208758;SUNSEA BAR            W.I;281642;fl;70;cl;Monin hazelnoot suikervrij SV;3;5,99;17,97;Dranken laag;3,05E+12;;;;;;;;;;;
208758;SUNSEA BAR            W.I;299364;ds;12;pk;Chocomel vol pak 1ltr UTZ;2;21,77;43,54;Dranken laag;;;;;;;;Ja;;;;
208758;SUNSEA BAR            W.I;299504;kr;24;fl;Fristi drinkyoghurt 20cl;2;15,89;31,78;Dranken laag;87124255;;;;;;;;;;;
208758;SUNSEA BAR            W.I;503963;fl;100;cl;Bootz rum dark 1ltr;4;12,67;50,68;Dranken hoog;8,72E+12;;;;;;;;;;;
208758;SUNSEA BAR            W.I;1003008;pk;1;lt;Campina karnemelk pak;18;1,55;27,9;Dranken laag;8,71E+12;;;;Ja;;;;;;;
208758;SUNSEA BAR            W.I;1003024;pk;1;lt;Campina halfvolle melk pak 702929;50;1,34;67,08;Dranken laag;8,71E+12;;;;;;;;;;;
208758;SUNSEA BAR            W.I;1003206;pk;1;lt;Campina slagroom 40% ONGEZOET;248;4,8;1190,4;keuken ingred.;8,71E+12;;;;;;;;;;;
208758;SUNSEA BAR            W.I;1003269;tr;6;fl;Campina slagroom royspray 225gr;3;14,35;43,05;Dranken laag;8,71E+12;;;;;;;;;;;
208758;SUNSEA BAR            W.I;1004465;pk;1;lt;Zuivelmeester halfvolle melk;14;1,45;20,3;Dranken laag;;;;;;;;;;;;
208758;SUNSEA BAR            W.I;1030311;tr;12;pk;Naarmann volle melk houdbaar 1ltr;1;16,3;16,3;keuken ingred.;6,54E+12;;;;;;;;;;;
208758;SUNSEA BAR            W.I;1040089;tr;12;bl;Fr vlag gecondensmelk 397ml;8;22,03;176,24;keuken ingred.;8,72E+12;;;;;;;;;;;
208758;SUNSEA BAR            W.I;1040120;ds;6;pk;Oatly havermelk edition 1ltr;15;12,4;186;keuken ingred.;2,74E+13;;;;;;;;;;;
208758;SUNSEA BAR            W.I;1040196;em;5;lt;Apostels yoghurt grieks;32;10,29;329,24;keuken ingred.;4,00E+12;;;;;;;;;;;
208758;SUNSEA BAR            W.I;1045211;em;1;lt;Konings griekse yoghurt 10%;2;2,6;5,2;keuken ingred.;8,72E+12;;;;;;;;;;;
208758;SUNSEA BAR            W.I;1050004;pk;1;lt;Zuivelmeester halfvolle melk;73;1,29;94,17;Diversen;8,71E+12;;;;;;;;;;;
208758;SUNSEA BAR            W.I;2000248;pk;1;kg;Gilse kristalsuiker;55;1,31;72,3;keuken ingred.;8,71E+12;;;;;;;;;;;
208758;SUNSEA BAR            W.I;2001262;em;5;kg;La baleine zeezout grof;9;6,6;59,44;keuken ingred.;3,18E+12;;;;;;;;;;;
208758;SUNSEA BAR            W.I;2001428;si;70;st;Oordt hagelslag melk 10gr;6;8,02;48,12;keuken ingred.;8,71E+12;;;;;;;;;;;
208758;SUNSEA BAR            W.I;2001527;zk;600;gr;Gilse donkere basterdsuiker;7;0,96;6,7;keuken ingred.;8,71E+12;;;;;;;;;;;
208758;SUNSEA BAR            W.I;2001668;bs;250;gr;Gilse poedersuiker;62;0,81;50,36;keuken ingred.;8,71E+12;;;;;;;;;;;
208758;SUNSEA BAR            W.I;2003002;pt;900;gr;Ekoland bloemhoning vlb NL-BIO-01;4;6,95;27,8;keuken ingred.;8,71E+12;Ja;;;;;;;;;;
208758;SUNSEA BAR            W.I;2005248;fl;500;gr;Lencke bloemenhoning knijpfles;42;4,07;171,09;keuken ingred.;8,72E+12;;;;;;;;;;;
208758;SUNSEA BAR            W.I;2005298;ds;100;st;Melvita honing sticks 8gr;2;16,09;32,18;keuken ingred.;8,71E+12;;;;;;;;;;;
208758;SUNSEA BAR            W.I;2005355;ds;120;st;Lencke honingsticks 8gr;4;14,25;56,98;keuken ingred.;8,72E+12;;;;;;;;;;;
208758;SUNSEA BAR            W.I;2017574;pk;250;gr;Droste cacao poeder;3;3,1;9,3;keuken ingred.;8,72E+12;;;;;;;;;;;
208758;SUNSEA BAR            W.I;2018209;zk;2500;gr;Callebaut choc callets puur 811;7;21,35;149,48;keuken ingred.;5,41E+12;;;;;;;;;;;
208758;SUNSEA BAR            W.I;2018225;zk;2500;gr;Callebaut choco callets wit CW2;3;25,62;76,86;overig laag;5,41E+12;;;;;;;;;;;
208758;SUNSEA BAR            W.I;2032415;tr;2;pt;Kroon augurk cornichon 2650ml;4;15,35;61,4;keuken ingred.;8,71E+12;;;;;;;;;;;
208758;SUNSEA BAR            W.I;2034669;bl;400;gr;Fiorino rode kidney bonen;2;0,57;1,14;keuken ingred.;8,00E+12;;;;;;;;;;;
208758;SUNSEA BAR            W.I;2034809;bl;326;gr;Key maiskorrels zoet vacuum;2;0,59;1,18;keuken ingred.;8,71E+12;;;;;;;;;;;
208758;SUNSEA BAR            W.I;2034817;bl;3000;gr;Key mais korrels zoet vacuum;30;4,93;147,9;keuken ingred.;8,71E+12;;;;;;;;;;;
208758;SUNSEA BAR            W.I;2035443;tr;12;bl;Bondcrispy maiskorrels 212ml;1;12,34;12,34;keuken ingred.;3,08E+12;;;;;;;;;;;
208758;SUNSEA BAR            W.I;2035708;bl;3;lt;Bondmaiskorrels crispy;264;7,27;1918,5;keuken ingred.;3,08E+12;;;;;;;;;;;
208758;SUNSEA BAR            W.I;2037308;tr;3;bl;Nestor appelmoes 4250gr;2;19,28;38,56;keuken ingred.;8,72E+12;;;;;;;;;;;
208758;SUNSEA BAR            W.I;2037340;tr;12;bl;Nestor appelmoes 1ltr;3;19,99;59,96;keuken ingred.;8,72E+12;;;;;;;;;;;
208758;SUNSEA BAR            W.I;2037655;bl;2500;gr;Hnz tomatenconcassee spec;17;9,85;167,53;keuken ingred.;8,71E+12;;;;;;;;;;;
208758;SUNSEA BAR            W.I;2037671;pk;2;lt;Hnz tomato frito basis voor saus;26;3,4;88,36;keuken ingred.;8,41E+12;;;;;;;;;;;
208758;SUNSEA BAR            W.I;2038009;pt;890;gr;Avila amarena kersen op siroop;6;6,31;37,86;keuken ingred.;5,41E+12;;;;;;;;;;;
208758;SUNSEA BAR            W.I;2038059;pt;720;gr;Avila kappertjes surfines;61;5,04;307,69;keuken ingred.;5,41E+12;;;;;;;;;;;
208758;SUNSEA BAR            W.I;2044238;tr;6;bl;Soleggiato tompuree 28/30% 800gr;3;11,39;34,16;keuken ingred.;8,72E+12;;;;;;;;;;;
208758;SUNSEA BAR            W.I;2051126;pt;500;gr;Fortunati truffelsalsa;25;13,38;334,55;keuken ingred.;8,00E+12;;;;;;;;;;;
208758;SUNSEA BAR            W.I;2051390;em;1550;gr;Delicias cornichons augurkjes;1;5,29;5,29;keuken ingred.;8,41E+12;;;;;;;;;;;
208758;SUNSEA BAR            W.I;2060185;fl;189;ml;Citadelle canadian maple syrup;3;5,93;17,79;keuken ingred.;3,02E+12;;;;;;;;;;;
208758;SUNSEA BAR            W.I;2060317;kf;120;cp;Nutella chocoladepasta 15gr;3;21,9;65,7;keuken ingred.;8,00E+12;;;;;;;;;;;
208758;SUNSEA BAR            W.I;2064012;fl;500;ml;Langnese bee easy honing;4;8,2;32,8;keuken ingred.;4,02E+12;;;;;;;;;;;
208758;SUNSEA BAR            W.I;2119114;bl;600;gr;Deepblue ansjovis gestrekt;10;8,44;84,42;Vis;8,71E+12;;;;;;;;;;;
208758;SUNSEA BAR            W.I;2119156;bl;1705;gr;Deepblue tonijn in zonneblolie;107;10,71;1146,04;Vis;8,71E+12;;;;;;;;;;;
208758;SUNSEA BAR            W.I;2130087;ds;50;st;Yama geroostzeewiervellen 140gr;1;10,01;10,01;keuken ingred.;8,72E+12;;;;;;;;;;;
208758;SUNSEA BAR            W.I;2130095;bl;200;gr;Royal mail groene peperkorrels;70;2,04;142,74;keuken ingred.;8,71E+12;;;;;;;;;;;
208758;SUNSEA BAR            W.I;2131960;fl;550;gr;Smoky mountain american mustard;42;4,25;178,69;keuken ingred.;8,72E+12;;;;;;;;;;;
208758;SUNSEA BAR            W.I;2132356;pt;450;gr;Bresc harissa VGN;21;5,05;105,99;keuken ingred.;8,71E+12;;;;;;;;;Ja;;Ja
208758;SUNSEA BAR            W.I;2132679;bs;280;gr;Verstoregano gemalen;1;10,35;10,35;keuken ingred.;8,71E+12;;;;;;;;;;;
208758;SUNSEA BAR            W.I;2132744;bs;200;gr;Verstegen rozemarijn heel;1;5,9;5,9;keuken ingred.;8,71E+12;;;;;;;;;;;
208758;SUNSEA BAR            W.I;2132760;bs;260;gr;Verstrozemarijn gemalen;1;6,79;6,79;keuken ingred.;8,71E+12;;;;;;;;;;;
208758;SUNSEA BAR            W.I;2133031;bs;400;gr;Verstkomijnzaad heel;3;9,26;27,78;keuken ingred.;8,71E+12;;;;;;;;;;;
208758;SUNSEA BAR            W.I;2133073;bs;460;gr;Verstkomijnzaad gemalen;7;12,72;89,04;keuken ingred.;8,71E+12;;;;;;;;;;;
208758;SUNSEA BAR            W.I;2134039;bs;500;gr;Verstegen paprika poeder pure;5;11,87;59,37;keuken ingred.;8,71E+12;;;;;;;;;;;
208758;SUNSEA BAR            W.I;2134063;bs;850;gr;Verstgrillkruiden met zout;9;15,14;136,26;keuken ingred.;8,71E+12;;;;;;;;;;;
208758;SUNSEA BAR            W.I;2134089;bs;240;gr;Verstgerookte paprika poeder;15;7,53;112,97;keuken ingred.;8,71E+12;;;;;;;;;;;
208758;SUNSEA BAR            W.I;2134120;bs;500;gr;Verstegen kerriepoeder zonderzout;3;13,17;39,51;keuken ingred.;8,71E+12;;;;;;;;;;;
208758;SUNSEA BAR            W.I;2134203;bs;900;gr;Verstkruidenmix cajun zout;2;13,99;27,98;keuken ingred.;8,71E+12;;;;;;;;;;;
208758;SUNSEA BAR            W.I;2134279;bs;340;gr;Verstkardemon heel;2;18,97;37,94;keuken ingred.;8,71E+12;;;;;;;;;;;
208758;SUNSEA BAR            W.I;2134352;tb;43;gr;Kinjirushi wasabi pasta gold VGN;33;1,62;53,46;keuken ingred.;1,50E+13;;;;;;;;;;;Ja
208758;SUNSEA BAR            W.I;2134394;tb;43;gr;Wasabi pasta (mierikswortel) neri;10;1,48;14,84;keuken ingred.;;;;;;;;;;;;
208758;SUNSEA BAR            W.I;2134659;bs;580;gr;Verstpeper zwart lampong heel;3;18,38;55,14;keuken ingred.;8,71E+12;;;;;;;;;;;
208758;SUNSEA BAR            W.I;2134815;bs;540;gr;Verstbourguignonne melange pure;1;9,8;9,8;keuken ingred.;8,71E+12;;;;;;;;;;;
208758;SUNSEA BAR            W.I;2135029;bs;300;gr;Verstprovencaalse kruiden;2;13,72;27,44;keuken ingred.;8,71E+12;;;;;;;;;;;
208758;SUNSEA BAR            W.I;2135970;bs;500;gr;Apollo chillipoeder usa;2;7,68;15,36;keuken ingred.;8,71E+12;;;;;;;;;;;
208758;SUNSEA BAR            W.I;2136861;cn;12;kg;Wijko ketjap manis zoet;9;37,82;340,34;keuken ingred.;8,71E+12;;;;;;;;;;;
208758;SUNSEA BAR            W.I;2140135;bs;150;gr;Apollo kaneelpijpjes;1;11,32;11,32;keuken ingred.;8,71E+12;;;;;;;;;;;
208758;SUNSEA BAR            W.I;2140490;zk;1;kg;Apollo peper wit gemalen;1;22,27;22,27;keuken ingred.;8,71E+12;;;;;;;;;;;
208758;SUNSEA BAR            W.I;2140755;bs;600;gr;Apollo knoflookpeper;2;9,52;19,04;keuken ingred.;8,71E+12;;;;;;;;;;;
208758;SUNSEA BAR            W.I;2141951;pt;750;gr;Conimex sambal badjak;16;7,67;122,77;keuken ingred.;8,71E+12;;;;;;;;;;;
208758;SUNSEA BAR            W.I;2142561;pt;400;gr;Mae ploy green curry pasta;1;2,15;2,15;keuken ingred.;44738102353;;;;;;;;;;;
208758;SUNSEA BAR            W.I;2144088;pk;1;kg;Zout;42;0,44;18,48;keuken ingred.;;;;;;;;;;;;
208758;SUNSEA BAR            W.I;2146034;zk;500;gr;Go-tan gebakken uitjes;34;2,33;79,08;keuken ingred.;8,71E+12;;;;;;;;;;;
208758;SUNSEA BAR            W.I;2146141;ds;12;zk;Conimex cassave kroepoek 75gr;5;14,1;70,48;keuken ingred.;8,71E+12;;;;;;;;;;;
208758;SUNSEA BAR            W.I;2146175;pf;1;lt;Kikkoman sojasaus;21;4,89;102,71;keuken ingred.;8,72E+12;;;;;;;;;;;
208758;SUNSEA BAR            W.I;2146216;em;3;kg;Yama teriyaki mirin sauce;1;17,95;17,95;keuken ingred.;8,72E+12;;;;;;;;;;;
208758;SUNSEA BAR            W.I;2146224;em;3;kg;Yama japanse sesam saus;14;17,57;245,91;keuken ingred.;8,72E+12;;;;;;;;;;;
208758;SUNSEA BAR            W.I;2146274;pt;80;gr;Wasabi furikake rijsttopping;24;5,88;141,08;keuken ingred.;4,90E+12;;;;;;;;;;;
208758;SUNSEA BAR            W.I;2146307;fl;210;ml;Kewpie roasted sesame dressing;6;3,42;20,52;keuken ingred.;8,85E+12;;;;;;;;;;;
208758;SUNSEA BAR            W.I;2146323;pk;1;lt;Kara kokosroom;5;3,43;17,15;keuken ingred.;8,89E+12;;;;;;;;;;;
208758;SUNSEA BAR            W.I;2146365;fl;360;ml;Sushi seasoning (sushivengar);6;2,92;17,52;keuken ingred.;4,97E+12;;;;;;;;;;;
208758;SUNSEA BAR            W.I;2146373;pk;1;lt;Kara kokosmelk classic;6;2,9;17,4;keuken ingred.;8,89E+12;;;;;;;;;;;
208758;SUNSEA BAR            W.I;2146406;pt;55;gr;Yama furikake seto fumi;5;5,12;25,6;keuken ingred.;49746112;;;;;;;;;;;
208758;SUNSEA BAR            W.I;2146597;fl;1;lt;Go-tan wok essentials teriyaki;3;5,56;16,68;keuken ingred.;8,71E+12;;;;;;;;;;;
208758;SUNSEA BAR            W.I;2146654;pk;750;gr;Go-tan santen creamcoconut 5x15;22;6,81;149,89;keuken ingred.;;;;;;;;;;;;
208758;SUNSEA BAR            W.I;2147305;zk;1;kg;Go-tan seroendeng;16;7,34;117,47;keuken ingred.;8,71E+12;;;;;;;;;;;
208758;SUNSEA BAR            W.I;2147347;bs;450;gr;Conimex seroendeng 450gr;2;8,31;16,62;keuken ingred.;8,71E+12;;;;;;;;;;;
208758;SUNSEA BAR            W.I;2147587;pk;500;gr;Lucullus kroepoek udang sidoardje;10;5,47;54,7;keuken ingred.;8,71E+12;;;;;;;;;;;
208758;SUNSEA BAR            W.I;2151124;cn;2;lt;Debic slagroom met suiker;8;12,33;98,64;keuken ingred.;5,41E+12;;;;;;;;;;;
208758;SUNSEA BAR            W.I;2151174;bs;700;ml;Debic slagroom spuitbus;163;6,47;1054,28;Bonensappen;5,41E+12;;;;;;;;;;;
208758;SUNSEA BAR            W.I;2151182;cn;5;lt;Debic slagroom met suiker;2;30,34;60,68;keuken ingred.;8,71E+12;;;;;;;;;;;
208758;SUNSEA BAR            W.I;2151306;fl;1;lt;Debic slagroom met suiker;64;5,42;346,88;keuken ingred.;5,41E+12;;;;;;;;;;;
208758;SUNSEA BAR            W.I;2160133;pf;1;lt;Nestor gembersiroop;16;5,73;91,62;keuken ingred.;8,72E+12;;;;;;;;;;;
208758;SUNSEA BAR            W.I;2160414;zk;3;kg;Cecco penne rigate sfuse nr41;2;10,85;21,7;keuken ingred.;8,00E+12;;;;;;;;;;;
208758;SUNSEA BAR            W.I;2160464;pk;1;kg;Farina per polenta maismeel;12;1,14;13,68;keuken ingred.;8,03E+12;;;;;;;;;;;
208758;SUNSEA BAR            W.I;2160589;fl;350;ml;Ilhenny tabasco rood pepersaus;9;9,93;89,35;keuken ingred.;11210135802;;;;;;;;;;;
208758;SUNSEA BAR            W.I;2168674;fl;568;ml;Lea perrins worcestershiresaus;17;6,88;117;keuken ingred.;5,00E+12;;;;;;;;;;;
208758;SUNSEA BAR            W.I;2181105;fl;150;ml;Lea en perrins worcestershiresaus;4;1,55;6,2;keuken ingred.;5,00E+12;;;;;;;;;;;
208758;SUNSEA BAR            W.I;2300937;bs;1000;gr;Knorr roux bruin VGN/LCV;3;8,71;26,13;keuken ingred.;8,71E+12;;;;;;;;;Ja;;Ja
208758;SUNSEA BAR            W.I;2301307;fl;1;lt;Chef champignonsfond geconcentr;8;17,91;143,25;keuken ingred.;7,61E+12;;;;;;;;;;;
208758;SUNSEA BAR            W.I;2301505;bs;1;kg;Knorr bospaddestoelenbouillonpdr;1;23,65;23,65;keuken ingred.;8,72E+12;;;;;;;;;;;
208758;SUNSEA BAR            W.I;2301589;bs;1;kg;Knorr runderbouillon authentiek;1;21,95;21,95;keuken ingred.;8,72E+12;;;;;;;;;;;
208758;SUNSEA BAR            W.I;2301711;bs;1;kg;Knorr groentebouillonpoeder;5;18,54;92,7;keuken ingred.;8,71E+12;;;;;;;;;;;
208758;SUNSEA BAR            W.I;2301753;bs;1475;gr;Knorr demi-glacesaus;1;19,58;19,58;keuken ingred.;8,71E+12;;;;;;;;;;;
208758;SUNSEA BAR            W.I;2301761;bs;1350;gr;Knorr espagnole saus;2;17,98;35,96;keuken ingred.;8,71E+12;;;;;;;;;;;
208758;SUNSEA BAR            W.I;2301810;bs;850;gr;Knorr visbouillonpoeder(authent);1;16,63;16,63;keuken ingred.;8,71E+12;;;;;;;;;;;
208758;SUNSEA BAR            W.I;2306365;fl;1;lt;Debic bakken en braden fles;147;5,95;874,68;keuken ingred.;5,41E+12;;;;;;;;;;;
208758;SUNSEA BAR            W.I;2306381;bs;1;kg;Knorr maizena express blank;9;7,3;65,68;keuken ingred.;8,71E+12;;;;;;;;;;;
208758;SUNSEA BAR            W.I;2307339;fl;810;ml;Maggi vloeibare aroma no 5;1;6,45;6,45;keuken ingred.;8,72E+12;;;;;;;;;;;
208758;SUNSEA BAR            W.I;2310126;ds;9;lt;Levo mosterd packzak 3x3ltr;1;14,89;14,89;keuken ingred.;8,71E+12;;;;;;;;;;;
208758;SUNSEA BAR            W.I;2310217;ds;10;lt;Levo ketchup packzak 2x5ltr;14;17,78;248,85;keuken ingred.;8,71E+12;;;;;;;;;;;
208758;SUNSEA BAR            W.I;2310457;em;10;lt;Oliehoorn mayonaise 80%;176;18,49;3254,6;keuken ingred.;8,71E+12;;;;;;;;;;;
208758;SUNSEA BAR            W.I;2310762;em;5;kg;Zaanse mosterd de Huisman(grof);2;9,83;19,66;keuken ingred.;8,71E+12;;;;;;;;;;;
208758;SUNSEA BAR            W.I;2310928;fl;1;lt;Lucullus chilli sauce sweet hot;52;2,47;128,26;keuken ingred.;8,71E+12;;;;;;;;;;;
208758;SUNSEA BAR            W.I;2311140;em;10;lt;Remia mayonaise original 80% GLV;1;22,75;22,75;keuken ingred.;8,71E+12;;;;;;;;;;;
208758;SUNSEA BAR            W.I;2311158;ds;10;lt;Levo mayonaise 80% packzak 2x5ltr;2;16,3;32,6;keuken ingred.;8,71E+12;;;;;;;;;;;
208758;SUNSEA BAR            W.I;2311843;cn;2100;gr;Smoky mount sweet pickled relish;28;8,6;240,76;keuken ingred.;8,71E+12;;;;;;;;;;;
208758;SUNSEA BAR            W.I;2311926;fl;200;ml;Sriracha hot chilli sauce;47;1,8;84,81;keuken ingred.;8,85E+12;;;;;;;;;;;
208758;SUNSEA BAR            W.I;2313782;em;12;kg;Vhc/Prima satesaus pasta 12kg;29;32,8;951,11;keuken ingred.;8,72E+12;;;;;;;;;;;
208758;SUNSEA BAR            W.I;2314300;tb;800;ml;Remia curry ketchup tube GLV;1;3,12;3,12;keuken ingred.;8,71E+12;;;;;;;;;;;
208758;SUNSEA BAR            W.I;2315093;em;3;kg;Wijko tacosaus;10;9,78;97,77;keuken ingred.;8,71E+12;;;;;;;;;;;
208758;SUNSEA BAR            W.I;2316405;pk;1;lt;Garde d'or champignonsaus;36;5,63;202,84;keuken ingred.;8,71E+12;;;;;;;;;;;
208758;SUNSEA BAR            W.I;2316439;pk;1;lt;Garde d'or bruine pepersaus;137;5,67;776,61;keuken ingred.;8,71E+12;;;;;;;;;;;
208758;SUNSEA BAR            W.I;2316489;tb;850;ml;Gouda's glcurry gewurz GLV;6;2,53;15,18;keuken ingred.;8,72E+12;;;;;;;;;;;
208758;SUNSEA BAR            W.I;2316629;pk;1;lt;Garde d'or rode wijnsaus;36;5,64;203,12;keuken ingred.;8,71E+12;;;;;;;;;;;
208758;SUNSEA BAR            W.I;2316653;pk;1;lt;Knorr professional demi-glace;2;4,95;9,9;keuken ingred.;8,72E+12;;;;;;;;;;;
208758;SUNSEA BAR            W.I;2316661;fl;700;ml;Lucullus thai chilli sauce;21;1,35;28,35;keuken ingred.;;;;;;;;;;;;
208758;SUNSEA BAR            W.I;2316736;pk;1;lt;Garde d'or witte basissaus;27;5,65;152,55;keuken ingred.;8,71E+12;;;;;;;;;;;
208758;SUNSEA BAR            W.I;2317627;fl;3;kg;Ballymaloe country relish;36;24,01;864,45;keuken ingred.;5,10E+12;;;;;;;;;;;
208758;SUNSEA BAR            W.I;2318104;pt;845;gr;Maille ancienne grove mosterd;7;4,31;30,19;keuken ingred.;8,72E+12;;;;;;;;;;;
208758;SUNSEA BAR            W.I;2319144;fl;520;ml;Kewpie Japanse mayonaise;72;4,01;289,04;keuken ingred.;8,85E+12;;;;;;;;;;;
208758;SUNSEA BAR            W.I;2319376;fl;430;ml;Hellmann's mayo real FLES;31;2,13;66,03;keuken ingred.;8,71E+12;;;;;;;;;;;
208758;SUNSEA BAR            W.I;2320050;pk;1;lt;Blue band professional fraiche;90;4,53;407,7;keuken ingred.;8,72E+12;;;;;;;;;;;
208758;SUNSEA BAR            W.I;2324002;pt;720;ml;Kesbeke amsterdamse uien;5;1,98;9,9;keuken ingred.;8,71E+12;;;;;;;;;;;
208758;SUNSEA BAR            W.I;2326298;bl;10;lt;Kesbeke augurken 70/80;5;11,97;59,84;keuken ingred.;8,71E+12;;;;;;;;;;;
208758;SUNSEA BAR            W.I;2330140;zk;1;kg;Riso vignola risotto rijst;1;2,19;2,19;keuken ingred.;8,00E+12;;;;;;;;;;;
208758;SUNSEA BAR            W.I;2330661;pt;2;kg;Al'fez pearl couscous;-4;9,59;-38,36;keuken ingred.;5,03E+12;;;;;;;;;Ja;;
208758;SUNSEA BAR            W.I;2330679;pt;1500;gr;Al'fez moroccan spiced couscous;60;9,31;558,6;keuken ingred.;5,03E+12;;;;;;;;;;;
208758;SUNSEA BAR            W.I;2331073;pk;454;gr;Arm  &  hammer baking soda;1;1,29;1,29;keuken ingred.;1,00E+13;;;;;;;;;;;
208758;SUNSEA BAR            W.I;2332097;tr;10;pk;Rooij witte patentbloem 1kg;2;7,29;14,58;keuken ingred.;8,72E+12;;;;;;;;;;;
208758;SUNSEA BAR            W.I;2332229;zk;750;gr;Zonnatura rietsuiker;5;2,04;10,2;keuken ingred.;8,71E+12;;;;;;;;;;;
208758;SUNSEA BAR            W.I;2333136;zk;1;kg;Riso vignola arborio risoto rijst;36;3,67;132,12;keuken ingred.;8,00E+12;;;;;;;;;;;
208758;SUNSEA BAR            W.I;2334077;zk;5;kg;Anco catering spaghetti;3;8,35;25,05;keuken ingred.;5,41E+12;;;;;;;;;;;
208758;SUNSEA BAR            W.I;2334192;zk;5;kg;Barilla penne rigate nr73;2;10,86;21,72;keuken ingred.;8,08E+12;;;;;;;;;;;
208758;SUNSEA BAR            W.I;2334217;ds;3;kg;Honig tagliatelle met ei;2;16,89;33,78;keuken ingred.;8,71E+12;;;;;;;;;;;
208758;SUNSEA BAR            W.I;2334366;pk;500;gr;Barilla lasagne all'uovo nr199;8;2,58;20,64;keuken ingred.;8,08E+12;;;;;;;;;;;
208758;SUNSEA BAR            W.I;2334457;zk;5;kg;Barilla spaghetti nr5;4;9,8;39,19;keuken ingred.;8,08E+12;;;;;;;;;;;
208758;SUNSEA BAR            W.I;2334481;pk;400;gr;Barilla penne rigate glutenvrij;1;2,14;2,14;keuken ingred.;8,08E+12;;;;;;;;;;;
208758;SUNSEA BAR            W.I;2338194;bs;900;gr;Oetker slagroomversteviger;10;7,98;79,8;keuken ingred.;9,01E+12;;;;;;;;;;;
208758;SUNSEA BAR            W.I;2338334;pk;450;gr;Quaker havermout granola;1;2,59;2,59;keuken ingred.;8,71E+12;;;;;;;;;;;
208758;SUNSEA BAR            W.I;2340602;bk;1;kg;PF Cannelloni ricotta/spinazie;5;16,25;81,25;keuken ingred.;8,72E+12;;;;;;;;;;;
208758;SUNSEA BAR            W.I;2350205;cn;10;lt;Kuhne natuurazijn blank;1;5,32;5,32;keuken ingred.;4,01E+12;;;;;;;;;;;
208758;SUNSEA BAR            W.I;2350221;fl;500;ml;Otafuka sushi azijn japans;24;3,52;84,48;keuken ingred.;4,97E+12;;;;;;;;;;;
208758;SUNSEA BAR            W.I;2350510;em;10;kg;Kuhne franse mosterd;22;15,3;336,6;keuken ingred.;4,01E+12;;;;;;;;;;;
208758;SUNSEA BAR            W.I;2350528;em;5;kg;Kuhne franse mosterd;4;9,36;37,44;keuken ingred.;4,01E+12;;;;;;;;;;;
208758;SUNSEA BAR            W.I;2350726;fl;1;lt;Olivier witte wijnazijn;4;3,61;14,43;keuken ingred.;3,33E+12;;;;;;;;;;;
208758;SUNSEA BAR            W.I;2510891;fl;3;lt;Delizio zonnebloemolie;90;6,05;544,5;keuken ingred.;5,43E+12;;;;;;;;;;;
208758;SUNSEA BAR            W.I;2512152;pc;5;lt;Sabroso olijfolie pure;15;29,53;442,95;keuken ingred.;8,72E+12;;;;;;;;;;;
208758;SUNSEA BAR            W.I;2512160;pc;5;lt;Sabroso olijfolie pomace;10;18,17;181,7;keuken ingred.;8,72E+12;;;;;;;;;;;
208758;SUNSEA BAR            W.I;2512574;pt;500;ml;Nutco coconut oil (kokosolie);3;3,41;10,23;keuken ingred.;8,71E+12;;;;;;;;;;;
208758;SUNSEA BAR            W.I;2513134;ds;15;lt;Vhc/Prima premgold fritolie bib;112;23,37;2617,44;keuken ingred.;8,72E+12;;;;;;;;;;;
208758;SUNSEA BAR            W.I;2700260;tr;6;pk;Lu bastogne koeken 260gr;9;12,16;109,44;keuken ingred.;7,62E+12;;;;;;;;;;;
208758;SUNSEA BAR            W.I;2731025;bk;900;gr;Van wijck hazelnoten wit;1;26,83;26,83;keuken ingred.;8,72E+12;;;;;;;;;;;
208758;SUNSEA BAR            W.I;2731033;bk;950;gr;Van wijck cashewnoten zout gebr;6;20,16;120,98;keuken ingred.;8,72E+12;;;;;;;;;;;
208758;SUNSEA BAR            W.I;2731041;bk;1000;gr;Van wijck amandelen wit;1;21,22;21,22;keuken ingred.;8,72E+12;;;;;;;;;;;
208758;SUNSEA BAR            W.I;2731059;bk;950;gr;Van wijck cashewnoten ongezouten;1;19,77;19,77;keuken ingred.;8,72E+12;;;;;;;;;;;
208758;SUNSEA BAR            W.I;2731075;bk;1000;gr;Van wijck gezouten parelpinda's;4;5,55;22,2;keuken ingred.;8,72E+12;;;;;;;;;;;
208758;SUNSEA BAR            W.I;2731108;bk;850;gr;Van wijck notenmelange zpinda;3;15,98;47,94;keuken ingred.;8,72E+12;;;;;;;;;;;
208758;SUNSEA BAR            W.I;2731116;bk;650;gr;Van wijck gepelde pecannoten;3;20,35;61,05;keuken ingred.;8,72E+12;;;;;;;;;;;
208758;SUNSEA BAR            W.I;2731124;bk;800;gr;Van wijck katjang pedis;4;5,6;22,38;keuken ingred.;8,72E+12;;;;;;;;;;;
208758;SUNSEA BAR            W.I;2731140;bk;1000;gr;Van wijck pepita's (pompoenpit);1;9,84;9,84;keuken ingred.;8,72E+12;;;;;;;;;;;
208758;SUNSEA BAR            W.I;2731348;bk;900;gr;Van wijck zonnebloempitten;1;4,02;4,02;keuken ingred.;8,72E+12;;;;;;;;;;;
208758;SUNSEA BAR            W.I;2731546;bk;1000;gr;Van wijck amandelen gerookt;2;17,12;34,24;keuken ingred.;8,72E+12;;;;;;;;;;;
208758;SUNSEA BAR            W.I;2731629;em;2500;gr;Geroosterde kokosvlokken;1;17,27;17,27;keuken ingred.;8,72E+12;;;;;;;;;;;
208758;SUNSEA BAR            W.I;2731695;bk;1000;gr;Van wijck walnoten stukjes;2;17,74;35,48;keuken ingred.;8,72E+12;;;;;;;;;;;
208758;SUNSEA BAR            W.I;2731778;bk;1000;gr;Van wijck haver vlokken;4;3,29;13,16;keuken ingred.;8,72E+12;;;;;;;;;;;
208758;SUNSEA BAR            W.I;2736017;bk;400;gr;Horizon pompoenpitten NL-BIO-01;1;4,7;4,7;keuken ingred.;8,71E+12;Ja;;;;;;;;;;
208758;SUNSEA BAR            W.I;2770239;ds;20;zk;Lay's chips naturel 40gr;2;10,38;20,76;overig laag;8,71E+12;;;;;;;;;;;
208758;SUNSEA BAR            W.I;2770271;ds;20;zk;Lay's oven chips naturel 35gr;;;;overig laag;8,71E+12;;;;;;;;;;;
208758;SUNSEA BAR            W.I;2780676;ds;10;st;Peijnenburg ontbijtkoek 350gr;1;16,91;16,91;overig laag;;;;;;;;;;;;
208758;SUNSEA BAR            W.I;2781103;ds;12;zk;Corny tortilla chips naturel 450gr;38;19,75;750,34;keuken ingred.;8,71E+12;;;;;;;;;;;
208758;SUNSEA BAR            W.I;2781327;pk;500;gr;Veer roggebrood fries 500gr;28;0,91;25,48;overig laag;8,71E+12;;;;;;;;;;;
208758;SUNSEA BAR            W.I;2781450;ds;60;st;Pidy meringues rond 6,5cm 8gr;28;13,5;378,12;overig laag;20176495639;;;;;;;;;;;
208758;SUNSEA BAR            W.I;2781608;pk;6;st;Santa m wraptortilla 10inch 371gr;2;2,47;4,94;overig laag;7,31E+12;;;;;;;;;;;
208758;SUNSEA BAR            W.I;2781880;pk;18;st;Verstegen wraps 25cm 68,9gr;1;6,41;6,41;keuken ingred.;8,71E+12;;;;;;;;;;;
208758;SUNSEA BAR            W.I;2782119;ds;12;zk;Santa mtortilla chip salted 475gr;1;30,28;30,28;overig laag;1,73E+13;;;;;;;;;;;
208758;SUNSEA BAR            W.I;2790485;ds;11;pk;Gulden krakelingr kletskoppen 175gr;2;12,59;25,18;Bonensappen;8,71E+12;;;;;;;;;;;
208758;SUNSEA BAR            W.I;2790914;ds;20;st;Oreo cookies 66gr;15;15,37;230,52;keuken ingred.;7,62E+12;;;;;;;;;;;
208758;SUNSEA BAR            W.I;3030062;ds;4;lt;Lavazza lattiz concentraat;98;25,57;2506,04;Bonensappen;;;;;;;;;;;;
208758;SUNSEA BAR            W.I;3130672;bk;500;gr;Coolbreak marsh mallows mini;2;5,7;11,4;overig laag;8,72E+12;;;;;;;;;;;
208758;SUNSEA BAR            W.I;3320116;ds;24;st;Laan kaaskroket 60gr;1;11,74;11,74;keuken ingred.;8,71E+12;;;;;;;;;;;
208758;SUNSEA BAR            W.I;3730711;zk;;kg;Kipdij blokje 2x2cm pkg;3,04;8,1;24,62;vlees;2,24E+12;;;;;;;;;;;
208758;SUNSEA BAR            W.I;3731941;zk;;kg;Kipvleugel 2e lid plat stukje pkg;8,485;4,9;41,58;vlees;2,30E+12;;;;;;;;;;;
208758;SUNSEA BAR            W.I;3771137;ds;20;st;Schnitzel grepaneerd (dv) 160gr;3;31,8;95,4;keuken ingred.;2,24E+12;;;;;;;;;;;
208758;SUNSEA BAR            W.I;3922045;ds;40;st;Freshburgrer 100% irish beef 180gr;4;77,45;309,8;vlees;;;;;;;;;;;;
208758;SUNSEA BAR            W.I;4220042;em;30;st;Chefsegg gekookt gepeld M 43,5gr;79;8,72;689,21;keuken ingred.;8,72E+12;;;;;;;;;;;
208758;SUNSEA BAR            W.I;4220141;ds;90;st;Chefsegg eieren bruin L 90st sch;13;16,99;220,87;keuken ingred.;;;;;;;;;;;;
208758;SUNSEA BAR            W.I;4220290;ds;90;st;Chefsegg eieren brL GEKOELD sch;31;17,36;538,13;keuken ingred.;8,72E+12;;;;;;;;;;;
208758;SUNSEA BAR            W.I;4221040;fl;1;kg;Danaeg heelei;14;5,73;80,22;keuken ingred.;5,71E+12;;;;;;;;;;;
208758;SUNSEA BAR            W.I;4221058;fl;1;lt;Danaeg eigeel;30;10,33;309,9;keuken ingred.;5,71E+12;;;;;;;;;;;
208758;SUNSEA BAR            W.I;4221074;fl;1;lt;Danaeg eiwit;4;4,42;17,68;keuken ingred.;5,71E+12;;;;;;;;;;;
208758;SUNSEA BAR            W.I;4300109;fl;1;lt;Debic basis voor chocolade mousse;36;5,57;200,52;overig laag;5,41E+12;;;;;;;;;;;
208758;SUNSEA BAR            W.I;4300125;fl;1;lt;Debic kookroom 20% original;124;3,19;395,8;keuken ingred.;5,41E+12;;;;;;;;;;;
208758;SUNSEA BAR            W.I;4300216;bk;1;lt;Montebourg creme fraiche;2;6,49;12,98;overig laag;3,27E+12;;;;;;;;;;;
208758;SUNSEA BAR            W.I;4300224;fl;1;lt;Debic panna cotta;47;6,08;285,87;keuken ingred.;5,41E+12;;;;;;;;;;;
208758;SUNSEA BAR            W.I;4300240;fl;1;lt;Elle  &  vire creme brulee 1ltr;2;7,21;14,42;overig laag;3,45E+12;;;;;;;;;;;
208758;SUNSEA BAR            W.I;4300258;fl;1;lt;Debic creme brulee bourbon;113;5,88;664,48;keuken ingred.;5,41E+12;;;;;;;;;;;
208758;SUNSEA BAR            W.I;4300604;pk;1;lt;Campina room culinair;19;3,25;61,75;overig laag;8,72E+12;;;;;;;;;;;
208758;SUNSEA BAR            W.I;4301115;pt;1;kg;Bresc knoflookpuree vers;13;7,05;91,65;keuken ingred.;8,71E+12;;;;;;;;;;;
208758;SUNSEA BAR            W.I;4311354;st;1;st;Botter boerenachterham ca2,5kg;151,81;8,07;1225,54;keuken ingred.;8,72E+12;;;;;;;;;;;
208758;SUNSEA BAR            W.I;4313722;st;250;gr;B & L Rookworst rond varken;16;3,8;60,8;vlees;;;;;;;;;;;;
208758;SUNSEA BAR            W.I;4320131;st;1;st;Vergeer hotelblok jbelegen pkg;7,4;11,94;88,36;keuken ingred.;2,86E+12;;;;;;;;;;;
208758;SUNSEA BAR            W.I;4323193;st;1;st;Grana padano 1/16 per kg;129,092;14,59;1883,88;keuken ingred.;2216044;;;;;;;;;;;
208758;SUNSEA BAR            W.I;4330122;bk;1;kg;Wweijde verse roomkaas naturel;1;7,69;7,69;keuken ingred.;8,72E+12;;;;;;;;;;;
208758;SUNSEA BAR            W.I;4330164;ds;5;kg;Roomboter ongezouten blok 5kg;16;38,81;620,96;keuken ingred.;;;;;;;;;;;;
208758;SUNSEA BAR            W.I;4330172;ds;5;kg;Campina roomboter kluit    905455;45;38,54;1734,13;keuken ingred.;8,72E+12;;;;;;;;;;;
208758;SUNSEA BAR            W.I;4330180;fl;750;ml;Campina koksgoud vloeibaar;4;3,83;15,32;keuken ingred.;8,71E+12;;;;;;;;;;;
208758;SUNSEA BAR            W.I;4330213;zk;1;kg;Tebben belegen geraspt;5;7,55;37,75;keuken ingred.;8,72E+12;;;;;;;;;;;
208758;SUNSEA BAR            W.I;4330528;ds;200;cp;Hotelbotercups echte boter 10gr;4;18,79;75,15;keuken ingred.;8,71E+12;;;;;;;;;;;
208758;SUNSEA BAR            W.I;4330718;zk;2;kg;Tebben mozzarella diced 40+ 5x5mm;2;13,41;26,82;keuken ingred.;8,72E+12;;;;;;;;;;;
208758;SUNSEA BAR            W.I;4330768;em;10;st;Bulba buffelmozzarel 10x125gr bol;1;17,26;17,26;keuken ingred.;8,72E+12;;;;;;;;;;;
208758;SUNSEA BAR            W.I;4331047;rl;180;gr;Geitenkaas (chevre) melusine 180gr;20;2,29;45,8;keuken ingred.;3,27E+12;;;;;;;;;;;
208758;SUNSEA BAR            W.I;4331211;zk;1;kg;Soresina grated grana padano;29;12,82;371,77;keuken ingred.;8,00E+12;;;;;;;;;;;
208758;SUNSEA BAR            W.I;4331500;pk;500;gr;Smoky mountain real irish cheddar;10;5,68;56,78;keuken ingred.;4,26E+12;;;;;;;;;;;
208758;SUNSEA BAR            W.I;4331948;pk;1;kg;Old amsterdam gesneden 50 plakken;3;19,21;57,63;keuken ingred.;8,71E+12;;;;;;;;;;;
208758;SUNSEA BAR            W.I;4332003;pk;88;pl;Cheddar plakken 12,3gr;7;8,37;58,59;keuken ingred.;4,02E+12;;;;;;;;;;;
208758;SUNSEA BAR            W.I;4333407;rl;280;gr;SAINT MAURE CAPRIFUEILL PER STUK;7;7,98;55,86;keuken ingred.;;;;;;;;;;;;
208758;SUNSEA BAR            W.I;4334025;st;1;st;Beemster carron belegen 1/4 pkg;187,025;9,29;1737,53;keuken ingred.;8,71E+12;;;;;;;;;;Ja;
208758;SUNSEA BAR            W.I;4342458;pk;200;gr;Feta grieks mevgal;137;2,56;350,58;keuken ingred.;5,20E+12;;;;;;;;;;;
208758;SUNSEA BAR            W.I;4372174;bk;2;kg;Maza falafel VGN/HL/K;33;10,92;360,3;keuken ingred.;8,71E+12;;;;;;;;;Ja;;Ja
208758;SUNSEA BAR            W.I;4372257;em;1500;gr;Maza hoemoes kikkererwten pasta;109;7,45;811,69;keuken ingred.;8,71E+12;;;;;;;;;;;
208758;SUNSEA BAR            W.I;4390605;st;1;kg;Feta grieks blok mevgal;1;14,13;14,13;keuken ingred.;8,72E+12;;;;;;;;;;;
208758;SUNSEA BAR            W.I;4505080;bl;10;kg;Roseval aardappels per baal;2;12,95;25,9;AGF;;;;;Ja;;;;;;;
208758;SUNSEA BAR            W.I;4505163;zk;2;kg;Peka Aardappelgratin;3;5,25;15,75;keuken ingred.;8,71E+12;;;;Ja;;;;;;;
208758;SUNSEA BAR            W.I;4510013;;;;Groente/fruit los artikel laag;1;28,95;28,95;AGF;;;;;Ja;;;;;;;
208758;SUNSEA BAR            W.I;4510089;kg;1;st;Aubergine per stuk/kg;0,96;2,15;2,06;AGF;;;;;Ja;;;;;;;
208758;SUNSEA BAR            W.I;4510112;ks;1;ks;Basilicum per KIST;1;15,95;15,95;AGF;;;;;Ja;;;;;;;
208758;SUNSEA BAR            W.I;4510261;st;1;st;Courgette per stuk;4;0,8;3,2;AGF;;;;;Ja;;;;;;;
208758;SUNSEA BAR            W.I;4510336;ds;12;st;Komkommer 12 per doos;1;13,5;13,5;AGF;;;;;Ja;;;;;;;
208758;SUNSEA BAR            W.I;4510584;kg;1;kg;Paprika groen hollands per KILO;0,99;2,1;2,08;AGF;;;;;Ja;;;;;;;
208758;SUNSEA BAR            W.I;4510592;kg;1;kg;Paprika rood hollands per KILO;1,3;2,35;3,06;AGF;;;;;Ja;;;;;;;
208758;SUNSEA BAR            W.I;4511144;kg;1;kg;Uien rood per kg;5;1;5;AGF;;;;;Ja;;;;;;;
208758;SUNSEA BAR            W.I;4513182;st;1;st;Sla frisee per stuk;6;2,18;13,1;AGF;;;;;Ja;;;;;;;
208758;SUNSEA BAR            W.I;4513299;st;1;st;Lollo biondo per stuk;3;1,35;4,05;AGF;;;;;Ja;;;;;;;
208758;SUNSEA BAR            W.I;4513330;st;1;st;Lollo rosso per stuk;3;1,45;4,35;AGF;;;;;Ja;;;;;;;
208758;SUNSEA BAR            W.I;4513356;bk;125;gr;Rucola per bakje;23;1,1;25,3;AGF;;;;;Ja;;;;;;;
208758;SUNSEA BAR            W.I;4513504;st;1;st;Sla ijsberg per stuk;2;0,95;1,9;AGF;;;;;Ja;;;;;;;
208758;SUNSEA BAR            W.I;4513512;pk;4;st;Little gem per pakje;6;2,45;14,7;AGF;;;;;Ja;;;;;;;
208758;SUNSEA BAR            W.I;4514057;bk;1;bk;Physalis per bakje;5;1,9;9,5;AGF;;;;;Ja;;;;;;;
208758;SUNSEA BAR            W.I;4514114;kg;1;kg;Zeekraal per kg;4;12,95;51,8;AGF;;;;;Ja;;;;;;;
208758;SUNSEA BAR            W.I;4515021;st;1;st;Bloemkool per stuk;2;1,35;2,7;AGF;;;;;Ja;;;;;;;
208758;SUNSEA BAR            W.I;4515451;em;1;em;Atjar GROF per WITTE EMMER;31;15,86;491,75;AGF;;;;;Ja;;;;;;;
208758;SUNSEA BAR            W.I;4515485;em;10;lt;Atjar speciaal vers 10ltr;1;16,95;16,95;AGF;;;;;Ja;;;;;;;
208758;SUNSEA BAR            W.I;4516095;bk;500;gr;Aardbeien HOLLAND per bakje;9;4,94;44,45;AGF;;;;;Ja;;;;;;;
208758;SUNSEA BAR            W.I;4516102;bk;1;bk;Bramen per bakje;10;1,95;19,5;AGF;;;;;Ja;;;;;;;
208758;SUNSEA BAR            W.I;4516136;bk;1;bk;Frambozen per bakje;10;1,85;18,5;AGF;;;;;Ja;;;;;;;
208758;SUNSEA BAR            W.I;4516483;ds;1;ds;Citroenen per DOOS;1;25,95;25,95;AGF;;;;;Ja;;;;;;;
208758;SUNSEA BAR            W.I;4516699;ds;1;ds;Limoenen per DOOS;1;6,4;6,4;AGF;;;;;Ja;;;;;;;
208758;SUNSEA BAR            W.I;4516756;st;1;st;Meloen galia per stuk;5;3,05;15,25;AGF;;;;;Ja;;;;;;;
208758;SUNSEA BAR            W.I;4519057;ks;1;ks;Champignons multikrat;1;6,7;6,7;AGF;;;;;Ja;;;;;;;
208758;SUNSEA BAR            W.I;4528561;kg;1;kg;Paprika GEEL BLOK 10x10 per kg;1;6,5;6,5;AGF;;;;;Ja;;;;;;;
208758;SUNSEA BAR            W.I;4530342;kg;1;pk;Banaanblad ROND per pak/kg;1,54;20,97;32,29;AGF;;;;;Ja;;;;;;;
208758;SUNSEA BAR            W.I;4530516;ds;15;st;Little gem 15x4 per doos;2;27,5;55;AGF;;;;;Ja;;;;;;;
208758;SUNSEA BAR            W.I;4534295;kg;1;kg;Bieten Chioggia per kg;1,12;1,85;2,07;AGF;;;;;Ja;;;;;;;
208758;SUNSEA BAR            W.I;4590172;kg;1;kg;Winterwortel blok 10 x 10 per kg;2;2,95;5,9;AGF;;;;;Ja;;;;;;;
208758;SUNSEA BAR            W.I;4590841;ds;10;kg;Quickly steakhouse frites per/ds;4;11,75;47;AGF;;;;;Ja;;;;;;;
208758;SUNSEA BAR            W.I;4600509;ds;24;st;Beetroot butcher burger 135gr VGN;28;45,59;1276,61;keuken ingred.;5,02E+12;;;;;;;;;Ja;;Ja
208758;SUNSEA BAR            W.I;4610326;ds;40;st;Beckers frikandel original 85gr;1;16,65;16,65;keuken ingred.;8,71E+12;;;;;;;;;;;
208758;SUNSEA BAR            W.I;4610772;ds;60;st;Topkingr mini kaastengrels oud 15gr;139;17,59;2445,28;keuken ingred.;8,71E+12;;;;;;;;;;;
208758;SUNSEA BAR            W.I;4612661;ds;48;st;Bakx fw hamburgrer favourite 150gr;;;;keuken ingred.;;;;;;;;;;;;
208758;SUNSEA BAR            W.I;4614823;ds;45;st;Duca mini loempia's 20gr;89;5,26;468,31;keuken ingred.;8,72E+12;;;;;;;;;;;
208758;SUNSEA BAR            W.I;4614930;ds;60;st;Duca kipfilet nugrgrets deluxe 25gr;5;10,63;53,15;keuken ingred.;8,72E+12;;;;;;;;;;;
208758;SUNSEA BAR            W.I;4615764;ds;72;st;Liesh mini frikandel 20gr;4;10,28;41,12;keuken ingred.;8,71E+12;;;;;;;;;;;
208758;SUNSEA BAR            W.I;4615798;ds;50;st;Buithborrel frikandel 20gr;89;7,37;655,57;keuken ingred.;8,71E+12;;;;;;;;;;;
208758;SUNSEA BAR            W.I;4616358;bk;500;gr;Ladessa filet american naturel;23;5,23;120,22;keuken ingred.;8,72E+12;;;;;;;;;;;
208758;SUNSEA BAR            W.I;4620234;ds;18;st;Vhc stokbrood wit 440gr 1015N;1;12,98;12,98;brood;8,72E+12;;;;;;;;;;;
208758;SUNSEA BAR            W.I;4620333;ds;40;st;Chaupcroissant vgrroom80gr;1;23,21;23,21;brood;8,72E+12;;;;;;;;;;;
208758;SUNSEA BAR            W.I;4620416;ds;1160;gr;Chaupcheesecake new york12p10208;242;11,25;2722,41;keuken ingred.;8,72E+12;;;;;;;;;;;
208758;SUNSEA BAR            W.I;4621597;ds;32;st;Chaupcroissants vgb 80gr   4125N;1;20,71;20,71;brood;8,72E+12;;;;;;;;;;;
208758;SUNSEA BAR            W.I;4622149;ds;24;st;Chaupmuffin tulp dchoc115gr;4;22,9;91,6;brood;8,72E+12;;;;;;;;;;;
208758;SUNSEA BAR            W.I;4623642;ds;18;st;Chaupmoulleux au choco90gr 10636;10;17,55;175,5;brood;8,72E+12;;;;;;;;;;;
208758;SUNSEA BAR            W.I;4624525;ds;36;st;Chaupbroodplak brn 70gr GLV 4891;9;18,66;167,93;brood;8,72E+12;;;;;;;;;;;
208758;SUNSEA BAR            W.I;4624674;ds;10;st;Chauptiramisu mono 120gr  10134;1;19,54;19,54;brood;8,72E+12;;;;;;;;;;;
208758;SUNSEA BAR            W.I;4625127;ds;48;st;Chaup brownie 60gr  10142;6;29,29;175,74;brood;8,72E+12;;;;;;;;;;;
208758;SUNSEA BAR            W.I;4630069;ds;40;st;Prima frikandel rd 85gr extra;4;7,73;30,92;keuken ingred.;8,72E+12;;;;;;;;;;;
208758;SUNSEA BAR            W.I;4630142;ds;28;st;Holtkamp mini grroente croquet 40gr;1;12,77;12,77;keuken ingred.;8,72E+12;;;;;;;;;;;
208758;SUNSEA BAR            W.I;4630176;ds;18;st;Holtkamp draadjes rundcroquet85gr;198;14,48;2867,67;keuken ingred.;8,72E+12;;;;;;;;;;;
208758;SUNSEA BAR            W.I;4630184;ds;18;st;Holtkamp kalfscroquet 85gr;1;17,62;17,62;keuken ingred.;8,72E+12;;;;;;;;;;;
208758;SUNSEA BAR            W.I;4630241;ds;42;st;Holtkamp draadjes bitterbal 30gr;290;12,82;3717,04;keuken ingred.;8,72E+12;;;;;;;;;;;
208758;SUNSEA BAR            W.I;4630522;ds;28;st;Holtkamp mini oudekaascroquet 40gr;1;18,72;18,72;keuken ingred.;8,72E+12;;;;;;;;;;;
208758;SUNSEA BAR            W.I;4631009;ds;40;st;Laan kaassouffle rechthoek 65gr;1;21,1;21,1;keuken ingred.;8,71E+12;;;;;;;;;;;
208758;SUNSEA BAR            W.I;4631869;ds;24;po;Veldt poffertjes porties 130gr;13;17,22;223,82;keuken ingred.;8,71E+12;;;;;;;;;;;
208758;SUNSEA BAR            W.I;4631926;ds;40;st;Veldt suikerwafel big 100gr;1;18,22;18,22;keuken ingred.;8,71E+12;;;;;;;;;;;
208758;SUNSEA BAR            W.I;4632354;ds;4;zk;Edamame gepsojabonen muki 2,5kg;3;51,17;153,51;keuken ingred.;8,72E+12;;;;;;;;;;;
208758;SUNSEA BAR            W.I;4632966;ds;30;st;Hekos butterfly torpedo mix 17gr;4;11,78;47,12;keuken ingred.;8,71E+12;;;;;;;;;;;
208758;SUNSEA BAR            W.I;4633253;ds;40;st;Hekos thai sateh 25gr;8;14,74;117,92;keuken ingred.;8,71E+12;;;;;;;;;;;
208758;SUNSEA BAR            W.I;4635027;ds;36;st;B & B muffin chocolate deluxe115gr;1;33,42;33,42;keuken ingred.;5,41E+12;;;;;;;;;;;
208758;SUNSEA BAR            W.I;4635217;ds;72;st;B & B mini muffin chocolade 30gr;1;26,33;26,33;keuken ingred.;5,41E+12;;;;;;;;;;;
208758;SUNSEA BAR            W.I;4640399;ds;8;kg;Sojabonen(edamame)gepeld 10x800gr;8;34,68;277,46;keuken ingred.;8,72E+12;;;;;;;;;;;
208758;SUNSEA BAR            W.I;4644705;zk;2500;gr;Fruit life aardbeien 2,5kg;4;12,28;49,12;keuken ingred.;8,72E+12;;;;;;;;;;;
208758;SUNSEA BAR            W.I;4644755;zk;2500;gr;Fruit life mangoblokjes 2,5kg;12;13,34;160,12;keuken ingred.;8,72E+12;;;;;;;;;;;
208758;SUNSEA BAR            W.I;4650752;ds;25;st;Glutenvrij bolletje 60gr;2;14,02;28,04;brood;8,72E+12;;;;;;;;;;;
208758;SUNSEA BAR            W.I;4650968;ds;48;st;Beetroot brioche bun 70gr;12;28,27;339,24;brood;8,72E+12;;;;;;;;;;;
208758;SUNSEA BAR            W.I;4651362;ds;45;st;Glazed brioche bun 4,5 75gr;51;31,57;1610,07;brood;8,72E+12;;;;;;;;;;;
208758;SUNSEA BAR            W.I;4651370;ds;45;st;Glazed roasted sesame bun 70gr;-3;29,41;-88,23;brood;8,72E+12;;;;;;;;;;;
208758;SUNSEA BAR            W.I;4656495;bk;1;kg;PF Cannelloni ricotta/spinazie;5;14,68;73,4;brood;8,72E+12;;;;;;;;;;;
208758;SUNSEA BAR            W.I;4670007;ds;8;st;Alcappizza margherita 29cm 510gr;2;24,05;48,1;keuken ingred.;5,42E+12;;;;;;;;;;;
208758;SUNSEA BAR            W.I;4806066;ds;54;st;Ola raket impuls 55ml;6;28,22;169,29;keuken ingred.;8,00E+12;;;;;;;;;;;
208758;SUNSEA BAR            W.I;4806074;ds;45;st;Ola festini peer impuls 50ml;6;15,19;91,14;keuken ingred.;8,71E+12;;;;;;;;;;;
208758;SUNSEA BAR            W.I;4850211;ds;9;st;Tiramisu eenpersoons 110gr;1;18,51;18,51;keuken ingred.;8,01E+12;;;;;;;;;;;
208758;SUNSEA BAR            W.I;5319836;kf;2;st;Slagersrollen 30x24cm;31;6,7;207,7;kleine aansch.;8,71E+12;;;;;;;;;;;
208758;SUNSEA BAR            W.I;5327904;ds;1000;st;Depa polyzakjes 115x18cm;2;9,95;19,9;verbruiks art.;8,71E+12;;;;;;;;;;;
208758;SUNSEA BAR            W.I;5328077;pk;100;st;Bema vacuumzak 30x40cm;4;15,69;62,76;kleine aansch.;8,71E+12;;;;;;;;;;;
208758;SUNSEA BAR            W.I;5328316;pk;100;st;Bema vacuumzak 15x25cm;3;4,26;12,78;verbruiks art.;8,71E+12;;;;;;;;;;;
208758;SUNSEA BAR            W.I;5328324;pk;100;st;Bema vacuumzak 25x30cm;5;8,35;41,75;verbruiks art.;8,71E+12;;;;;;;;;;;
208758;SUNSEA BAR            W.I;5328340;pk;100;st;Bema vacuumzak 20x30cm;6;6,85;41,1;verbruiks art.;8,71E+12;;;;;;;;;;;
208758;SUNSEA BAR            W.I;5370614;rl;100;st;Depa spuitzak comfortgreen59x28cm;6;24,05;144,3;kleine aansch.;8,72E+12;;;;;;;;;;;
208758;SUNSEA BAR            W.I;5371589;ds;12;st;Blaze brandpasta type bb100 200gr;2;11,88;23,76;Bbq toebehoren;8,71E+12;;;;;;;;;;;
208758;SUNSEA BAR            W.I;5371597;ds;24;st;Hendi brandpasta ethanol 200gr;2;14,95;29,9;Bbq toebehoren;8,71E+12;;;;;;;;;;;
208758;SUNSEA BAR            W.I;5374723;ds;250;st;Sier prikker bamboe de luxe 12cm;1;3,45;3,45;verbruiks art.;8,72E+12;;;;;;;;;;;
208758;SUNSEA BAR            W.I;5374765;ds;250;st;Sier prikker bamboe deluxe 18cm;2;3,95;7,9;verbruiks art.;8,72E+12;;;;;;;;;;;
208758;SUNSEA BAR            W.I;5395969;ds;100;st;Sanaplast blauwe pleisters 18x2cm;1;10,65;10,65;kleine aansch.;8,71E+12;;;;;;;;;;;
208758;SUNSEA BAR            W.I;5427100;ds;1;st;Cutterbox plastic folie 30cmx300m;15;6,42;96,3;kleine aansch.;8,71E+12;;;;;;;;;;;
208758;SUNSEA BAR            W.I;5428877;pk;100;st;Chopsticks eetstokjes 21cm bamboo;18;4,4;79,16;verbruiks art.;;;;;;;;;;;;
208758;SUNSEA BAR            W.I;5499993;;;;Los artikel hoog;240;3,96;949,2;overig hoog;;;;;;;;;;;;
